{"cameraMode":{"drawMode":0,"name":"Shaded","section":"Shading Mode"},"sceneLighting":false,"audioPlay":false,"sceneViewState":{"m_AlwaysRefresh":false,"showFog":true,"showSkybox":true,"showFlares":true,"showImageEffects":true,"showParticleSystems":true,"showVisualEffectGraphs":true,"m_FxEnabled":true},"in2DMode":false,"pivot":{"x":36.02000045776367,"y":1.306741714477539,"z":-0.6933101415634155},"rotation":{"x":-0.05029243230819702,"y":0.7128265500068665,"z":-0.051432691514492038,"w":-0.6975659132003784},"size":2.8907814025878908,"orthographic":true}