{"cameraMode":{"drawMode":0,"name":"Shaded","section":"Shading Mode"},"sceneLighting":true,"audioPlay":false,"sceneViewState":{"m_AlwaysRefresh":false,"showFog":true,"showSkybox":true,"showFlares":true,"showImageEffects":true,"showParticleSystems":true,"showVisualEffectGraphs":true,"m_FxEnabled":true},"in2DMode":false,"pivot":{"x":26.241655349731447,"y":0.8308221101760864,"z":5.238155841827393},"rotation":{"x":-0.10972024500370026,"y":0.8847728371620178,"z":-0.3683532774448395,"w":-0.2635457515716553},"size":10.216398239135743,"orthographic":true}