{"cameraMode":{"drawMode":0,"name":"Shaded","section":"Shading Mode"},"sceneLighting":true,"audioPlay":false,"sceneViewState":{"m_AlwaysRefresh":false,"showFog":true,"showSkybox":true,"showFlares":true,"showImageEffects":true,"showParticleSystems":true,"showVisualEffectGraphs":true,"m_FxEnabled":true},"in2DMode":false,"pivot":{"x":34.596439361572269,"y":-7.481189727783203,"z":15.925140380859375},"rotation":{"x":0.30267971754074099,"y":0.002253178972750902,"z":-0.0007408651290461421,"w":0.9531055688858032},"size":14.171786308288575,"orthographic":false}