{"cameraMode":{"drawMode":0,"name":"Shaded","section":"Shading Mode"},"sceneLighting":false,"audioPlay":false,"sceneViewState":{"m_AlwaysRefresh":false,"showFog":true,"showSkybox":false,"showFlares":true,"showImageEffects":true,"showParticleSystems":true,"showVisualEffectGraphs":true,"m_FxEnabled":true},"in2DMode":false,"pivot":{"x":26.590784072875978,"y":-5.285010814666748,"z":19.962806701660158},"rotation":{"x":0.049856703728437427,"y":0.9485502243041992,"z":-0.2472618967294693,"w":0.19121471047401429},"size":1.4984910488128663,"orthographic":true}